User_id,Name,Username,Email,Phone_number
1,Nyana wibisono,nyana,nyana@library.com,+62-328-559-3290
2,Lili sitompul,sitompul,sitompul@library.com,(0730) 517 6221
3,R restu napitupulu,restu,restu@library.com,087 060 2048
4,Heru januar,januar,januar@library.com,+62 (095) 038 7006
5,Prabu pudjiastuti,pudjiastuti,pudjiastuti@library.com,+62-30-518-5415
6,Chandra wijaya,chandra,chandra@library.com,(0918) 867-5280
7,Jaeman marpaung,marpaung,marpaung@library.com,+62 (122) 831 4841
8,Rm estiono winarno sgz,estiono,estiono@library.com,+62 (434) 282-8806
9,R tiara prasasta,tiara,tiara@library.com,(0573) 390-8723
10,Drg elon anggraini mkom,anggraini,anggraini@library.com,+62 (0552) 996-3814
11,Raden sudiati,raden,raden@library.com,(0935) 836 9062
12,Drg raisa suryatmi sip,suryatmi,suryatmi@library.com,088 125 2748
13,Michelle manullang,michelle,michelle@library.com,(078) 538 8709
14,Salimah waluyo,salimah,salimah@library.com,+62 (79) 685-2388
15,Elma samosir,samosir,samosir@library.com,+62-916-591-8090
16,Cut hasna uyainah sip,hasna,hasna@library.com,+62 (13) 812 3332
17,Dt gaduh anggraini,gaduh,gaduh@library.com,+62 (011) 367-1392
18,Fitria riyanti st,fitria,fitria@library.com,086 794 7111
19,Suci hutapea,suci,suci@library.com,082 042 9262
20,Alika santoso,santoso,santoso@library.com,+62 (079) 948-3311
21,Patricia tarihoran sked,tarihoran,tarihoran@library.com,(089) 336 1202
22,Karya rajasa,karya,karya@library.com,+62 (857) 158 1232
23,Cinthia firmansyah,firmansyah,firmansyah@library.com,088 503 4477
24,Drs rahmi saefullah spsi,drs,drs@library.com,+62-056-346-9527
25,Dartono adriansyah,adriansyah,adriansyah@library.com,+62 (31) 736-3093
26,Intan sihombing,sihombing,sihombing@library.com,+62 (007) 101-1755
27,Ir cindy maryati,maryati,maryati@library.com,+62-492-659-5094
28,Yoga padmasari,yoga,yoga@library.com,+62 (57) 003-1835
29,Humaira winarno ssos,humaira,humaira@library.com,(091) 174 4674
30,Tgk nyana hasanah,tgk,tgk@library.com,+62 (57) 682-7014
31,Raden wahyuni,wahyuni,wahyuni@library.com,(0184) 152 2066
32,T satya mandasari mkom,mandasari,mandasari@library.com,+62 (29) 186 5938
33,Tgk wira jailani st,wira,wira@library.com,+62 (151) 408 7132
34,Bakiadi haryanto,haryanto,haryanto@library.com,+62-075-361-4326
35,Tami nainggolan ssos,tami,tami@library.com,+62 (0872) 589-0688
36,Dr samsul wahyudin spt,samsul,samsul@library.com,(0550) 004 4975
37,Kanda hasanah,hasanah,hasanah@library.com,+62 (0988) 982-0943
38,Mahmud kusumo spd,mahmud,mahmud@library.com,083 863 8592
39,Tantri samosir,samosir810,samosir810@library.com,+62-075-690-2529
40,Ika agustina,agustina,agustina@library.com,+62 (05) 147 8437
41,Padmi adriansyah,padmi,padmi@library.com,+62 (0282) 722 5786
42,Mustika puspita,mustika,mustika@library.com,0812411203
43,Asmianto usada,usada,usada@library.com,(0574) 412 0288
44,Drg prayogo pradana mkom,pradana,pradana@library.com,083 892 0909
45,Ra aurora ardianto ssos,ardianto,ardianto@library.com,+62 (56) 484-8807
46,Silvia mustofa,silvia,silvia@library.com,+62 (14) 088-6611
47,Baktiono wibowo,wibowo,wibowo@library.com,+62-274-840-5863
48,Saka nasyidah,nasyidah,nasyidah@library.com,(0744) 221-5180
49,Putri natsir,putri,putri@library.com,+62 (013) 613-6768
50,Dr cornelia waluyo mak,waluyo,waluyo@library.com,+62-076-912-0649
51,Dr kemal rajasa,kemal,kemal@library.com,+62 (0132) 287 9854
52,Karsa saptono mm,saptono,saptono@library.com,0815356430
53,Restu yuliarti,yuliarti,yuliarti@library.com,+62 (059) 664 8145
54,Tgk kezia puspita spd,tgk785,tgk785@library.com,(0200) 060-1860
55,Rm gamani rajasa sgz,rajasa,rajasa@library.com,+62 (292) 755-8748
56,Vanya mangunsong,vanya,vanya@library.com,+62 (062) 756-6329
57,Dr samiah rahmawati,samiah,samiah@library.com,+62 (039) 943-9264
58,Dr lidya samosir,lidya,lidya@library.com,+62 (053) 113 9809
59,Darmaji laksmiwati,darmaji,darmaji@library.com,084 648 4283
60,R rama najmudin,rama,rama@library.com,+62 (0172) 679-6364
61,Lembah hidayat,hidayat,hidayat@library.com,0890882251
62,Rini zulaika,zulaika,zulaika@library.com,+62 (0686) 991-9168
63,Yani sirait,yani,yani@library.com,+62 (0866) 224-3179
64,Jelita agustina,jelita,jelita@library.com,+62 (0498) 478 4371
65,Elvin laksmiwati ssos,laksmiwati,laksmiwati@library.com,0832769574
66,Umi lazuardi,lazuardi,lazuardi@library.com,+62 (0530) 428 3321
67,Ra uchita siregar,siregar,siregar@library.com,+62-82-458-5369
68,Janet utama,janet,janet@library.com,+62 (38) 179 3586
69,Dr panji setiawan mpd,setiawan,setiawan@library.com,+62 (052) 820-6337
70,Saadat usamah mti,usamah,usamah@library.com,(0660) 972 0337
71,Ajimin kusumo,kusumo,kusumo@library.com,(0429) 183 2593
72,Cinta yuliarti,cinta,cinta@library.com,+62 (280) 429 3292
73,Sidiq marbun,sidiq,sidiq@library.com,(0656) 628 9081
74,Dr qori mahendra,mahendra,mahendra@library.com,+62 (047) 487-3870
75,Gatra tampubolon,gatra,gatra@library.com,+62 (87) 992 2909
76,Hendri rahimah mak,hendri,hendri@library.com,+62 (0002) 553 5316
77,Chandra mustofa,mustofa,mustofa@library.com,083 719 9793
78,Mumpuni purwanti,mumpuni,mumpuni@library.com,086 248 2499
79,Zelaya namaga,namaga,namaga@library.com,(073) 178-5494
80,Dt caket mulyani,mulyani,mulyani@library.com,+62 (49) 938 2407
81,Silvia mayasari,mayasari,mayasari@library.com,(0800) 233-6235
82,Kayla saputra,saputra,saputra@library.com,+62 (049) 545-6736
83,Sutan balangga prabowo,balangga,balangga@library.com,+62 (09) 400 4877
84,Lala purnawati,lala,lala@library.com,0887639588
85,Timbul zulaika,zulaika57,zulaika57@library.com,+62-209-101-0116
86,Mulyanto pradipta,mulyanto,mulyanto@library.com,+62 (239) 086 6567
87,Keisha tamba sip,keisha,keisha@library.com,(016) 802 0179
88,Jumadi uyainah,uyainah,uyainah@library.com,(0460) 818 9181
89,R rahman sudiati sh,rahman,rahman@library.com,+62 (894) 381-6671
90,Hana mayasari,hana,hana@library.com,+62 (0061) 824 1776
91,Usman nainggolan spt,usman,usman@library.com,(0327) 101-1921
92,Upik winarsih,winarsih,winarsih@library.com,(0180) 536 1412
93,Wulan wahyudin,wulan,wulan@library.com,+62 (603) 422-4906
94,Jamil tamba,jamil,jamil@library.com,+62-878-214-2736
95,Puti betania purwanti mak,mak,mak@library.com,+62 (93) 346 9263
96,Wawan handayani,wawan,wawan@library.com,+62 (752) 576-3665
97,Lala lailasari,lala860,lala860@library.com,0893655167
98,Dr rafi laksmiwati,rafi,rafi@library.com,+62-910-434-9368
99,Raden hasanah,raden620,raden620@library.com,(006) 695-9053
100,Dr liman waluyo sei,liman,liman@library.com,+62-0308-791-9999
